header,label,blockSize,concurrency,tps,runs,min,max,avg,stddev
e2e:encrypt,encrypt,5,5,-,1,143,143,143,0
e2e:ipfsUpload,ipfsUpload,5,5,-,1,151,151,151,0
e2e:fabricStore,fabricStore,5,5,-,1,1875,1875,1875,0
e2e:requestAccess,requestAccess,5,5,-,1,2166,2166,2166,0
e2e:ipfsDownloadAndDecrypt,ipfsDownloadAndDecrypt,5,5,-,1,157,157,157,0
e2e:total,total,5,5,-,1,4492,4492,4492,0
e2e:encrypt,encrypt,5,5,-,1,131,131,131,0
e2e:ipfsUpload,ipfsUpload,5,5,-,1,31,31,31,0
e2e:fabricStore,fabricStore,5,5,-,1,1853,1853,1853,0
e2e:requestAccess,requestAccess,5,5,-,1,2197,2197,2197,0
e2e:ipfsDownloadAndDecrypt,ipfsDownloadAndDecrypt,5,5,-,1,148,148,148,0
e2e:total,total,5,5,-,1,4360,4360,4360,0
e2e:encrypt,encrypt,5,5,-,1,131,131,131,0
e2e:ipfsUpload,ipfsUpload,5,5,-,1,32,32,32,0
e2e:fabricStore,fabricStore,5,5,-,1,1844,1844,1844,0
e2e:requestAccess,requestAccess,5,5,-,1,2160,2160,2160,0
e2e:ipfsDownloadAndDecrypt,ipfsDownloadAndDecrypt,5,5,-,1,151,151,151,0
e2e:total,total,5,5,-,1,4318,4318,4318,0
e2e,batch-encrypt+ipfs+store,5,5,-,1,3184,3184,3184,0
